-- MySQL dump 10.13  Distrib 8.0.41, for Win64 (x86_64)
--
-- Host: localhost    Database: assignmentwk7
-- ------------------------------------------------------
-- Server version	8.0.41

/*!40101 SET @OLD_CHARACTER_SET_CLIENT=@@CHARACTER_SET_CLIENT */;
/*!40101 SET @OLD_CHARACTER_SET_RESULTS=@@CHARACTER_SET_RESULTS */;
/*!40101 SET @OLD_COLLATION_CONNECTION=@@COLLATION_CONNECTION */;
/*!50503 SET NAMES utf8 */;
/*!40103 SET @OLD_TIME_ZONE=@@TIME_ZONE */;
/*!40103 SET TIME_ZONE='+00:00' */;
/*!40014 SET @OLD_UNIQUE_CHECKS=@@UNIQUE_CHECKS, UNIQUE_CHECKS=0 */;
/*!40014 SET @OLD_FOREIGN_KEY_CHECKS=@@FOREIGN_KEY_CHECKS, FOREIGN_KEY_CHECKS=0 */;
/*!40101 SET @OLD_SQL_MODE=@@SQL_MODE, SQL_MODE='NO_AUTO_VALUE_ON_ZERO' */;
/*!40111 SET @OLD_SQL_NOTES=@@SQL_NOTES, SQL_NOTES=0 */;

--
-- Table structure for table `orderproducts`
--

DROP TABLE IF EXISTS `orderproducts`;
/*!40101 SET @saved_cs_client     = @@character_set_client */;
/*!50503 SET character_set_client = utf8mb4 */;
CREATE TABLE `orderproducts` (
  `OrderID` int NOT NULL,
  `Product` varchar(100) NOT NULL,
  `Quantity` int NOT NULL,
  PRIMARY KEY (`OrderID`,`Product`),
  CONSTRAINT `orderproducts_ibfk_1` FOREIGN KEY (`OrderID`) REFERENCES `orders` (`OrderID`)
) ENGINE=InnoDB DEFAULT CHARSET=utf8mb4 COLLATE=utf8mb4_0900_ai_ci;
/*!40101 SET character_set_client = @saved_cs_client */;

--
-- Dumping data for table `orderproducts`
--

LOCK TABLES `orderproducts` WRITE;
/*!40000 ALTER TABLE `orderproducts` DISABLE KEYS */;
INSERT INTO `orderproducts` VALUES (101,'Laptop',2),(101,'Mouse',1),(102,'Keyboard',1),(102,'Mouse',2),(102,'Tablet',3),(103,'Phone',1);
/*!40000 ALTER TABLE `orderproducts` ENABLE KEYS */;
UNLOCK TABLES;

--
-- Table structure for table `orders`
--

DROP TABLE IF EXISTS `orders`;
/*!40101 SET @saved_cs_client     = @@character_set_client */;
/*!50503 SET character_set_client = utf8mb4 */;
CREATE TABLE `orders` (
  `OrderID` int NOT NULL,
  `CustomerName` varchar(100) NOT NULL,
  PRIMARY KEY (`OrderID`)
) ENGINE=InnoDB DEFAULT CHARSET=utf8mb4 COLLATE=utf8mb4_0900_ai_ci;
/*!40101 SET character_set_client = @saved_cs_client */;

--
-- Dumping data for table `orders`
--

LOCK TABLES `orders` WRITE;
/*!40000 ALTER TABLE `orders` DISABLE KEYS */;
INSERT INTO `orders` VALUES (101,'John Doe'),(102,'Jane Smith'),(103,'Emily Clark');
/*!40000 ALTER TABLE `orders` ENABLE KEYS */;
UNLOCK TABLES;

--
-- Table structure for table `productdetail`
--

DROP TABLE IF EXISTS `productdetail`;
/*!40101 SET @saved_cs_client     = @@character_set_client */;
/*!50503 SET character_set_client = utf8mb4 */;
CREATE TABLE `productdetail` (
  `OrderID` int NOT NULL,
  `CustomerName` varchar(100) DEFAULT NULL,
  `Product` varchar(100) NOT NULL,
  PRIMARY KEY (`OrderID`,`Product`)
) ENGINE=InnoDB DEFAULT CHARSET=utf8mb4 COLLATE=utf8mb4_0900_ai_ci;
/*!40101 SET character_set_client = @saved_cs_client */;

--
-- Dumping data for table `productdetail`
--

LOCK TABLES `productdetail` WRITE;
/*!40000 ALTER TABLE `productdetail` DISABLE KEYS */;
INSERT INTO `productdetail` VALUES (101,'John Doe','Laptop'),(101,'John Doe','Mouse'),(102,'Jane Smith','Keyboard'),(102,'Jane Smith','Mouse'),(102,'Jane Smith','Tablet'),(103,'Emily Clark','Phone');
/*!40000 ALTER TABLE `productdetail` ENABLE KEYS */;
UNLOCK TABLES;

--
-- Dumping routines for database 'assignmentwk7'
--
/*!40103 SET TIME_ZONE=@OLD_TIME_ZONE */;

/*!40101 SET SQL_MODE=@OLD_SQL_MODE */;
/*!40014 SET FOREIGN_KEY_CHECKS=@OLD_FOREIGN_KEY_CHECKS */;
/*!40014 SET UNIQUE_CHECKS=@OLD_UNIQUE_CHECKS */;
/*!40101 SET CHARACTER_SET_CLIENT=@OLD_CHARACTER_SET_CLIENT */;
/*!40101 SET CHARACTER_SET_RESULTS=@OLD_CHARACTER_SET_RESULTS */;
/*!40101 SET COLLATION_CONNECTION=@OLD_COLLATION_CONNECTION */;
/*!40111 SET SQL_NOTES=@OLD_SQL_NOTES */;

-- Dump completed on 2025-05-10  1:54:20
